surname,x,y
longley,440529,567617
longley,436619,565097
longley,442732,566130
longley,444172,563739
longley,439556,563371
longley,443564,563487
longley,533002,160502
longley,319403,518676
longley,318639,526274
longley,321491,518735
longley,320579,522751
longley,533986,163485
longley,534435,155388
longley,528423,155661
longley,525237,164367
longley,382184,361887
longley,383672,363633
longley,376201,371242
longley,377520,370324
longley,378226,365590
longley,377342,364504
longley,370430,362281
longley,372177,360691
longley,365759,359631
longley,372627,354389
longley,361352,350793
longley,355672,382545
longley,379681,432984
longley,379675,437641
longley,379596,431176
longley,355341,423503
longley,360736,425923
longley,360622,417861
longley,335779,425431
longley,330982,425645
longley,375114,428923
longley,346191,463943
longley,346464,465063
longley,343637,465206
longley,342208,464094
longley,349820,469294
longley,343996,410038
longley,343911,406190
longley,361604,425981
longley,368241,425740
longley,365711,417375
longley,372115,422355
longley,371902,421652
longley,330169,436202
longley,338848,433357
longley,329508,432087
longley,329871,434836
longley,332825,437185
longley,328347,436494
longley,330307,437686
longley,336614,438245
longley,328923,441452
longley,330995,437161
longley,332394,437673
longley,335752,433036
longley,337009,432967
longley,332754,431036
longley,328676,433180
longley,333449,439440
longley,380797,402534
longley,377969,397665
longley,388725,390944
longley,393155,387790
longley,400778,389481
longley,388651,387692
longley,394935,396190
longley,393385,400964
longley,394294,398372
longley,400370,404984
longley,392277,402984
longley,396309,401679
longley,392275,400314
longley,389763,404240
longley,396893,401684
longley,391360,399958
longley,396115,397286
longley,398139,393966
longley,393003,399252
longley,395895,396574
longley,392319,400997
longley,394468,402008
longley,391425,393286
longley,394541,395786
longley,388527,400775
longley,394023,395287
longley,390836,399230
longley,388403,391781
longley,386095,391098
longley,387863,399207
longley,395078,391345
longley,395154,398382
longley,390951,399684
longley,390015,393637
longley,394822,400504
longley,391546,400845
longley,388609,402869
longley,391795,404097
longley,391325,400712
longley,387375,404113
longley,386515,394870
longley,375226,396633
longley,373943,389364
longley,380980,394481
longley,373883,392598
longley,381163,395667
longley,370388,401460
longley,365658,405190
longley,184864,47497
longley,385722,358893
longley,381825,356801
longley,381457,398874
longley,375947,402677
longley,389796,404120
longley,397236,396232
longley,372442,382440
longley,354486,467018
longley,385876,401110
longley,397608,398724
longley,442778,505664
longley,551627,170433
longley,549851,173776
longley,554632,171844
longley,548122,179320
longley,555085,181678
longley,548651,169348
longley,543975,173993
longley,545782,168749
longley,550362,174048
longley,547543,172381
longley,535222,166175
longley,539347,170559
longley,532088,168461
longley,542811,168421
longley,536229,167231
longley,534016,172330
longley,543271,170509
longley,536536,169175
longley,538128,171625
longley,532747,166586
longley,533441,169798
longley,536632,166680
longley,546363,169620
longley,550514,174500
longley,545048,168596
longley,545979,168133
longley,547865,164401
longley,541687,172026
longley,540145,171430
longley,539723,167977
longley,540712,162657
longley,541599,163844
longley,544137,158082
longley,542190,157019
longley,541520,155413
longley,528574,152745
longley,531413,159279
longley,527255,153207
longley,533673,158914
longley,535890,172034
longley,534150,162664
longley,541859,156986
longley,539477,162244
longley,530308,165839
longley,534082,169477
longley,538110,165954
longley,534577,166400
longley,526647,168618
longley,528388,155967
longley,530513,159759
longley,536668,166419
longley,538634,166992
longley,531382,171394
longley,531720,165454
longley,531429,163866
longley,546663,183050
longley,530414,189620
longley,517217,188431
longley,523758,191953
longley,519051,194347
longley,514316,190973
longley,512367,192103
longley,513217,188290
longley,550641,184690
longley,555632,189027
longley,550461,183105
longley,555450,192613
longley,511310,183410
longley,504713,183643
longley,512793,186735
longley,510799,180318
longley,514554,184689
longley,512288,182098
longley,505473,185737
longley,515096,188180
longley,515073,184548
longley,508873,186138
longley,505224,187280
longley,510496,190231
longley,513935,175241
longley,517400,165604
longley,513494,158817
longley,515551,170531
longley,522466,168155
longley,518861,164875
longley,522126,164627
longley,524814,166482
longley,518960,165027
longley,520193,170844
longley,520716,167297
longley,523515,170253
longley,520520,163359
longley,523032,172412
longley,524452,172068
longley,523887,168137
longley,516752,164949
longley,523711,165980
longley,521741,162925
longley,529688,173275
longley,536079,169369
longley,528363,175120
longley,533377,180975
longley,532167,172206
longley,529646,178709
longley,530919,179954
longley,539476,170081
longley,535536,174295
longley,542392,174906
longley,540572,171267
longley,546123,188064
longley,542204,189873
longley,542729,193252
longley,536966,192293
longley,540681,186843
longley,536944,194227
longley,513222,171171
longley,519205,172934
longley,512024,176349
longley,525608,174110
longley,541350,192066
longley,540543,193556
longley,535517,191136
longley,535471,187618
longley,531482,178451
longley,524085,179351
longley,528684,176653
longley,522261,172950
longley,525990,171962
longley,521572,175583
longley,527570,176527
longley,530173,172572
longley,526785,172926
longley,523122,171190
longley,529150,180410
longley,527234,178840
longley,531681,182534
longley,525420,181881
longley,528345,183824
longley,521059,181759
longley,519554,194367
longley,512922,187291
longley,519203,168374
longley,518008,166876
longley,519897,164559
longley,524127,178444
longley,519012,165301
longley,507105,177475
longley,524461,182040
longley,493408,122439
longley,530362,315465
longley,534117,320571
longley,548274,282982
longley,551758,287179
longley,551132,281638
longley,343673,94032
longley,349497,95360
longley,578411,113602
longley,570582,112839
longley,575681,110397
longley,579279,116942
longley,577882,109217
longley,575585,109352
longley,557466,156306
longley,563065,158579
longley,401023,119640
longley,404015,119299
longley,436028,347220
longley,447567,375872
longley,451088,369645
longley,441963,335623
longley,433607,454850
longley,430251,452750
longley,433940,367081
longley,438400,372236
longley,447581,384722
longley,445575,376565
longley,433898,380573
longley,436357,375103
longley,435828,381210
longley,442189,375580
longley,431463,379509
longley,444130,376608
longley,448134,377746
longley,432847,380056
longley,442241,340576
longley,436958,340720
longley,435658,339083
longley,438358,335100
longley,428985,341298
longley,442046,340928
longley,437422,333175
longley,430093,334290
longley,431236,334127
longley,431038,331648
longley,437318,332964
longley,435550,332631
longley,439757,333868
longley,442928,334264
longley,430407,334966
longley,452747,321144
longley,456881,319382
longley,459680,318717
longley,456138,313270
longley,446278,314369
longley,443378,318689
longley,444595,314637
longley,452742,321003
longley,470356,283620
longley,469410,282455
longley,471668,286525
longley,474477,289389
longley,470582,282525
longley,471756,290438
longley,472053,284287
longley,473472,286905
longley,447005,295333
longley,474686,329746
longley,470638,321385
longley,469958,322321
longley,479872,318750
longley,472769,320869
longley,443998,310822
longley,440373,315073
longley,528428,342176
longley,528402,342435
longley,522737,367767
longley,525581,368868
longley,531270,364174
longley,524637,369376
longley,526140,361228
longley,535860,392262
longley,427012,520306
longley,427457,518677
longley,494149,370428
longley,550690,317916
longley,497636,346325
longley,488918,350455
longley,493323,333597
longley,507092,328460
longley,515935,328590
longley,510767,390243
longley,506377,390159
longley,496856,268999
longley,491340,263662
longley,453802,241318
longley,469743,250512
longley,472882,258708
longley,470446,247578
longley,453339,348396
longley,456066,347429
longley,470940,380277
longley,468403,382988
longley,475250,385406
longley,467568,377276
longley,470821,381765
longley,468778,377375
longley,455118,381910
longley,457836,338280
longley,450354,335474
longley,452053,346629
longley,461428,345222
longley,453088,347952
longley,451616,351876
longley,461328,354002
longley,465374,349219
longley,460233,349007
longley,455290,347915
longley,485208,351394
longley,484152,353422
longley,461020,360782
longley,467851,361547
longley,458896,347643
longley,463547,340846
longley,451410,337274
longley,453061,342216
longley,452901,341536
longley,455968,339381
longley,447943,339507
longley,448732,346719
longley,452404,343295
longley,448563,345359
longley,451979,339260
longley,453171,341141
longley,446838,341043
longley,449261,338088
longley,448241,346577
longley,397237,314996
longley,400659,308393
longley,395656,314232
longley,402709,309356
longley,397843,314030
longley,415204,308307
longley,411047,313304
longley,382217,336941
longley,389841,338847
longley,555417,384964
longley,461897,339788
longley,465857,337374
longley,460470,350826
longley,457842,342101
longley,458849,347272
longley,458314,251828
longley,461900,243382
longley,499112,311166
longley,504564,309557
longley,454318,82116
longley,336204,449545
longley,548777,207061
longley,224827,55664
longley,223743,52585
longley,223780,52425
longley,228005,60705
longley,228665,64621
longley,218863,106856
longley,215506,102303
longley,224989,103405
longley,219159,107831
longley,218420,106713
longley,227775,101468
longley,153483,38116
longley,155547,38090
longley,322352,94591
longley,315426,90292
longley,316179,85945
longley,296470,90534
longley,299793,93089
longley,293746,49756
longley,287822,58168
longley,289303,54289
longley,281522,59663
longley,276928,60677
longley,278223,55529
longley,283607,59414
longley,270674,66838
longley,296926,112334
longley,247435,60261
longley,249372,59608
longley,248100,63758
longley,243217,62737
longley,250794,59759
longley,255343,58518
longley,255834,59372
longley,251817,56210
longley,246033,50250
longley,246141,59123
longley,243741,58269
longley,250302,53641
longley,250441,61154
longley,251232,60447
longley,243455,54420
longley,243653,52961
longley,244419,54755
longley,252365,59183
longley,253456,58868
longley,254929,59535
longley,253747,57364
longley,289482,60641
longley,284616,58390
longley,288359,65073
longley,293274,58797
longley,287764,57095
longley,284174,62901
longley,293104,66970
longley,384818,129437
longley,346916,102212
longley,344222,101072
longley,346827,104040
longley,345117,103582
longley,350592,87502
longley,366150,87069
longley,335048,92124
longley,333220,91694
longley,397010,96249
longley,397200,91499
longley,408606,97312
longley,413478,97644
longley,411796,106616
longley,394160,96572
longley,400061,93496
longley,396551,99973
longley,402180,97006
longley,417303,94445
longley,412483,89741
longley,416879,94076
longley,411891,90300
longley,405016,95838
longley,409317,90098
longley,414238,88822
longley,411798,89564
longley,405584,93401
longley,404475,94832
longley,404433,95636
longley,404023,88849
longley,403708,89169
longley,397194,92001
longley,398582,87762
longley,332363,146768
longley,293831,140844
longley,295285,141375
longley,409343,91048
longley,321873,86502
longley,322190,93010
longley,336823,352324
longley,517301,465750
longley,519856,468689
longley,519492,472933
longley,516620,467812
longley,503274,435029
longley,504090,428638
longley,503443,433812
longley,506438,437473
longley,518966,456364
longley,505790,461541
longley,476551,425107
longley,468692,424734
longley,472909,425326
longley,476222,424276
longley,508224,427094
longley,499338,424642
longley,508943,426959
longley,524274,449755
longley,519863,446529
longley,521623,443343
longley,522818,442625
longley,515425,450280
longley,509666,435924
longley,503989,431896
longley,517272,427717
longley,521743,433344
longley,520251,427210
longley,525227,425572
longley,481495,440696
longley,482858,435750
longley,489018,443230
longley,489710,441588
longley,489688,439323
longley,478787,447367
longley,478113,452543
longley,478340,447885
longley,481235,453672
longley,482351,453629
longley,478435,448838
longley,479594,453171
longley,484826,453950
longley,494853,407243
longley,489335,404537
longley,486325,409078
longley,402203,452131
longley,398097,451442
longley,397062,453052
longley,438155,497165
longley,433970,498232
longley,440089,490088
longley,429022,464874
longley,428636,452840
longley,429233,459603
longley,511057,473114
longley,506588,477469
longley,515000,482210
longley,503282,482609
longley,499712,483297
longley,459100,427475
longley,463679,428822
longley,461824,434278
longley,458803,429288
longley,461459,428577
longley,456314,433160
longley,448865,442087
longley,443061,444443
longley,463191,449172
longley,456089,456737
longley,460020,452354
longley,457567,447113
longley,429385,414153
longley,431777,402520
longley,437117,408741
longley,430023,402184
longley,437591,409707
longley,431554,401726
longley,434012,410017
longley,434636,407447
longley,435877,413321
longley,435604,410256
longley,428227,409579
longley,441268,407259
longley,432475,408229
longley,432630,407151
longley,435812,416257
longley,443795,412716
longley,436360,410758
longley,436400,407105
longley,438040,406346
longley,436674,402960
longley,435259,408571
longley,431146,401714
longley,431686,411363
longley,437396,408406
longley,433022,406224
longley,435391,404498
longley,432693,407320
longley,454463,407570
longley,461263,413774
longley,460263,417074
longley,467622,398469
longley,464723,397350
longley,457640,405449
longley,449183,403163
longley,446892,399876
longley,461881,408824
longley,457582,413532
longley,462464,397979
longley,465159,404203
longley,462933,400334
longley,459217,402557
longley,461578,401364
longley,466165,401720
longley,443685,407361
longley,446762,401167
longley,463309,406121
longley,466273,406331
longley,459762,401988
longley,451510,397455
longley,445828,398113
longley,453081,410689
longley,456474,413181
longley,453081,417317
longley,470255,403371
longley,464557,404994
longley,454674,396584
longley,451929,414430
longley,453678,413971
longley,459927,413081
longley,462164,399788
longley,455609,402282
longley,456291,416772
longley,449866,414169
longley,461840,404996
longley,454095,406870
longley,453465,408682
longley,459439,401418
longley,452173,396667
longley,454882,400962
longley,457947,417712
longley,452175,416958
longley,456279,415508
longley,442739,402570
longley,446619,396484
longley,452633,390748
longley,454752,396271
longley,437349,385433
longley,437673,384638
longley,446301,392697
longley,446525,399350
longley,441307,404065
longley,438097,401239
longley,440407,394177
longley,441872,404784
longley,442561,401298
longley,445077,395303
longley,443364,386097
longley,440843,386714
longley,445405,398570
longley,447414,397973
longley,439962,397275
longley,448188,398718
longley,445111,394711
longley,452096,391563
longley,455934,388042
longley,443311,382099
longley,442579,388042
longley,442789,389759
longley,439801,379724
longley,430859,387252
longley,437015,385514
longley,430868,379501
longley,434500,388106
longley,442475,386840
longley,427714,388445
longley,427362,395230
longley,434404,391846
longley,434810,397547
longley,437706,385464
longley,437413,380226
longley,435571,394264
longley,428239,389554
longley,425752,388907
longley,428506,384122
longley,437331,385187
longley,440230,381944
longley,439054,378499
longley,437562,386964
longley,443801,384649
longley,436385,385259
longley,437770,382016
longley,438515,387492
longley,434367,394690
longley,431615,397526
longley,440678,379923
longley,434946,389828
longley,435543,386565
longley,429131,391768
longley,433719,382016
longley,431096,395323
longley,432116,395876
longley,432115,393575
longley,440505,385051
longley,436780,388421
longley,431157,390202
longley,433448,393030
longley,428841,387018
longley,435836,386288
longley,439718,382150
longley,434944,387589
longley,439119,395601
longley,434513,386924
longley,438871,386009
longley,431787,390927
longley,437464,389323
longley,428331,388713
longley,432657,381332
longley,436075,383157
longley,433528,394744
longley,443452,382853
longley,436828,378925
longley,439248,385245
longley,432027,381584
longley,439256,384988
longley,431276,381207
longley,430103,378298
longley,435071,391877
longley,432878,393148
longley,437310,397274
longley,435703,389574
longley,434915,381967
longley,442492,386618
longley,434610,386584
longley,440127,384026
longley,438071,385314
longley,434156,385540
longley,442019,385903
longley,428924,386690
longley,433331,387895
longley,433991,387556
longley,436880,379988
longley,430569,389203
longley,436050,381564
longley,437732,384205
longley,441553,382973
longley,440647,384909
longley,433628,382514
longley,431294,392371
longley,434027,389486
longley,433666,384802
longley,439309,391876
longley,441636,387153
longley,432696,395003
longley,428686,386775
longley,436538,381008
longley,431158,376640
longley,436044,383029
longley,442124,380021
longley,431004,385092
longley,436830,382222
longley,432881,394544
longley,438208,395479
longley,429693,392079
longley,432352,383791
longley,435243,381717
longley,443327,382135
longley,434386,383076
longley,411534,436924
longley,420018,438920
longley,413266,435374
longley,420207,428208
longley,417933,435023
longley,420840,439221
longley,414399,434170
longley,419550,434965
longley,413300,433648
longley,413908,434962
longley,415707,444091
longley,405320,446838
longley,399663,442941
longley,406433,435626
longley,411454,443897
longley,409751,447074
longley,404065,436014
longley,416572,435826
longley,411440,435309
longley,413121,420230
longley,415454,426364
longley,415756,424126
longley,465284,401730
longley,516934,443115
longley,425399,401912
longley,432935,403826
longley,429273,396877
longley,436450,381095
longley,439384,403719
longley,431711,409166
longley,556824,97492
longley,559108,97259
longley,563489,102218
longley,566317,102098
longley,576367,112438
longley,572777,113626
longley,581176,111553
longley,575161,108294
longley,573923,105933
longley,573733,110269
longley,577809,108746
longley,582972,114690
longley,580446,112503
longley,584958,108462
longley,538588,102794
longley,579116,116200
longley,578065,117002
longley,576587,117576
longley,570515,106220
longley,566825,111922
longley,573485,109434
longley,568722,103548
longley,577476,126423
longley,579096,125291
longley,554504,133087
longley,549278,130244
longley,547530,125338
longley,550270,134442
longley,553274,131540
longley,560710,100310
longley,549548,123600
longley,547628,128382
longley,542886,126793
longley,460984,150813
longley,463245,156417
longley,471925,137395
longley,468420,114919
longley,445559,117715
longley,451556,121254
longley,445820,116931
longley,447557,118881
longley,445124,114216
longley,454419,112091
longley,443255,108918
longley,451145,108137
longley,459205,100645
longley,450239,107229
longley,453627,103237
longley,458401,104931
longley,459291,107737
longley,477926,156904
longley,477290,148515
longley,477037,99537
longley,476581,99434
longley,462578,105019
longley,423721,89368
longley,436575,104890
longley,445377,102038
longley,441320,106035
longley,441252,106617
longley,445731,133989
longley,445489,133963
longley,443539,127797
longley,449786,126757
longley,441634,110523
longley,435230,115383
longley,436722,114064
longley,434816,117616
longley,442707,117370
longley,444868,114825
longley,435528,118567
longley,436329,113191
longley,437341,111573
longley,437247,116825
longley,444727,82684
longley,449177,82409
longley,600897,140635
longley,604299,144937
longley,606697,140252
longley,599429,144151
longley,603006,148579
longley,590815,135617
longley,607511,138619
longley,595900,145672
longley,603139,141076
longley,604423,143278
longley,601657,141579
longley,603824,140542
longley,610987,155212
longley,613038,159996
longley,615813,161516
longley,612974,155658
longley,616298,160005
longley,622674,157393
longley,615891,154730
longley,618837,163131
longley,617751,158404
longley,613546,164920
longley,615465,163951
longley,615427,157515
longley,612233,153907
longley,613493,159792
longley,619363,156923
longley,619371,158026
longley,621792,158992
longley,620095,162319
longley,616206,160785
longley,617815,154530
longley,618316,157628
longley,613057,146131
longley,617021,163615
longley,614497,171325
longley,618434,165600
longley,618144,171149
longley,614677,168687
longley,621375,169154
longley,616158,165032
longley,621866,172822
longley,617390,166607
longley,614016,163616
longley,621336,169053
longley,619849,165248
longley,619368,167158
longley,617922,169742
longley,615721,164774
longley,616372,163254
longley,610359,170635
longley,556466,174005
longley,553117,175993
longley,558800,173206
longley,633154,147102
longley,635295,156077
longley,627886,141533
longley,628088,141797
longley,633132,147190
longley,631114,143979
longley,633645,143631
longley,630170,146875
longley,631024,155616
longley,634984,157469
longley,546122,165463
longley,550392,164847
longley,602951,162161
longley,586941,168240
longley,590444,170396
longley,587893,163068
longley,592242,162362
longley,625765,168689
longley,635759,171441
longley,636452,166189
longley,639250,172786
longley,632432,171073
longley,638303,167441
longley,628948,172127
longley,633553,172100
longley,631527,173851
longley,635833,171152
longley,640556,164038
longley,638875,170675
longley,631694,164000
longley,638941,168756
longley,641169,164025
longley,633643,169951
longley,639052,163388
longley,633024,163747
longley,636660,167450
longley,637573,165038
longley,637080,168221
longley,573720,161180
longley,572887,158913
longley,566466,162078
longley,568014,153685
longley,572898,156009
longley,568311,159850
longley,572001,156467
longley,554930,151336
longley,563652,143565
longley,555197,149424
longley,557555,146462
longley,561503,151571
longley,557379,152103
longley,555861,145379
longley,563524,147142
longley,563053,151056
longley,559543,150199
longley,563267,145965
longley,573255,151224
longley,576077,132907
longley,565641,143268
longley,565285,149593
longley,579442,165258
longley,586348,167752
longley,579031,164132
longley,583993,164151
longley,577730,160890
longley,569897,171274
longley,510870,168990
longley,519135,161303
longley,518838,162475
longley,518261,168507
longley,515281,155931
longley,510562,166622
longley,516010,167548
longley,518169,172374
longley,518510,158410
longley,505931,171405
longley,491761,159882
longley,536557,153341
longley,534847,148195
longley,536874,153744
longley,540826,149206
longley,540273,150204
longley,541204,155588
longley,534017,160772
longley,540015,153588
longley,545519,159994
longley,537386,154165
longley,543561,154126
longley,505179,142274
longley,483249,143994
longley,488690,145501
longley,492574,137416
longley,498571,142536
longley,499119,144698
longley,499954,142213
longley,503338,147052
longley,501465,156141
longley,504007,158929
longley,503155,162908
longley,503078,160610
longley,494069,103819
longley,496640,101264
longley,491065,99389
longley,492212,95983
longley,488673,104729
longley,502139,100918
longley,476513,98708
longley,479809,107602
longley,476169,103351
longley,492757,130952
longley,490259,132214
longley,477935,124581
longley,477812,121692
longley,529979,136208
longley,531401,132712
longley,533224,136640
longley,527445,137421
longley,525486,132766
longley,526936,139736
longley,529261,140508
longley,526625,134432
longley,521320,139367
longley,524065,136736
longley,528239,131514
longley,524275,134330
longley,525982,116007
longley,516434,113622
longley,520840,122591
longley,525140,127662
longley,517697,129080
longley,519789,127980
longley,520206,134810
longley,521760,133568
longley,516147,135193
longley,516250,134170
longley,519101,126814
longley,523195,132331
longley,517188,135262
longley,505631,112670
longley,534309,116573
longley,533114,123115
longley,533728,136422
longley,540131,141737
longley,543176,134987
longley,539786,137110
longley,535231,139648
longley,537483,132032
longley,544123,141130
longley,541945,136675
longley,532055,119506
longley,529457,126901
longley,506246,100668
longley,511392,101033
longley,518185,104519
longley,507708,101146
longley,509873,102729
longley,509947,103169
longley,509912,108520
longley,513261,98241
longley,511136,98000
longley,517565,102404
longley,512284,99798
longley,516571,103114
longley,508589,102106
longley,512816,105250
longley,563558,96560
longley,580593,107030
longley,580756,115073
longley,547134,128896
longley,550108,135180
longley,550459,137670
longley,476698,103721
longley,470286,96567
longley,441177,108982
longley,438656,117189
longley,622616,169207
longley,635869,150536
longley,566254,174818
longley,547997,141909
longley,543400,142084
longley,548746,150864
longley,546492,145323
longley,549344,147242
longley,637684,167488
longley,635336,165523
longley,636178,165704
longley,637391,164348
longley,635207,169042
longley,554085,150242
longley,559303,141226
longley,562837,141436
longley,566801,137280
longley,558147,140974
longley,502441,151141
longley,534170,150195
longley,531958,148516
longley,513929,132865
longley,514285,112786
longley,563482,101427
longley,531508,112170
longley,536682,151308
longley,633437,147317
longley,606690,162447
longley,491158,156876
longley,571843,164133
longley,457312,87351
longley,509093,129042
longley,518142,129125
longley,503016,126595
longley,510645,114966
longley,539135,154788
longley,543663,153488
longley,537628,147749
longley,437223,114295
longley,541850,156062
longley,583904,129919
longley,582544,126094
longley,600867,140697
longley,603661,144414
longley,605663,140594
longley,600681,140547
longley,604298,146861
longley,551918,136898
longley,552568,139615
longley,585385,118772
longley,585012,118871
longley,567047,103852
longley,578448,107588
longley,555864,98060
longley,498677,353511
longley,481550,365296
longley,483704,365971
longley,451010,397440
longley,454279,403100
longley,350170,344177
longley,351420,345364
longley,347229,309473
longley,352617,309481
longley,335252,273384
longley,414094,291882
longley,408337,293734
longley,397675,281280
longley,403054,288645
longley,500845,144981
longley,432406,279561
longley,404609,298654
longley,404604,303405
longley,401436,302757
longley,406201,299213
longley,406283,279740
longley,431781,266611
longley,430534,265789
longley,432120,269276
longley,441169,109709
longley,417186,95493
longley,418633,95656
longley,431670,94457
longley,401484,462346
longley,499935,252724
longley,503112,249977
longley,504093,255376
longley,507494,246859
longley,507126,245075
longley,511662,251467
longley,516421,249084
longley,514605,241180
longley,498678,223427
longley,492052,230198
longley,505975,218397
longley,502189,222030
longley,508297,222295
longley,510862,217656
longley,503680,225930
longley,506448,223321
longley,509311,226715
longley,504882,222323
longley,483073,171162
longley,486379,171148
longley,483380,169119
longley,482493,171748
longley,482974,160657
longley,488309,165549
longley,489582,178643
longley,489485,175711
longley,497348,177817
longley,495267,175461
longley,484453,181180
longley,488977,185930
longley,495267,171765
longley,491255,172343
longley,494797,178968
longley,494114,195016
longley,490968,192957
longley,482747,191260
longley,489093,194595
longley,480246,197728
longley,489474,192797
longley,498595,210786
longley,498411,207697
longley,545022,220404
longley,543133,222698
longley,529047,213738
longley,532379,217610
longley,531325,211321
longley,528589,205999
longley,522197,197471
longley,519445,210603
longley,515854,213779
longley,509318,200581
longley,513226,198810
longley,530317,207373
longley,523879,207609
longley,512974,224143
longley,491813,170139
longley,491322,169779
longley,519645,235614
longley,525185,231982
longley,487492,183213
longley,492739,184072
longley,526729,367000
longley,525769,368271
longley,558478,137461
longley,556720,144708
longley,560774,143586
longley,561735,268307
longley,562989,274420
longley,551383,279411
longley,556479,282657
longley,545046,190200
longley,533415,271309
longley,533771,266839
longley,541545,262358
longley,546994,251985
longley,552378,246056
longley,519004,253011
longley,511499,306093
longley,518796,307180
longley,521359,298470
longley,514697,301962
longley,570848,186662
longley,564731,186409
longley,569211,186990
longley,581644,189699
longley,575646,189354
longley,566168,201925
longley,567540,208232
longley,584682,194244
longley,604294,223076
longley,596707,223777
longley,600174,230683
longley,602115,222722
longley,543192,208079
longley,542308,205764
longley,547683,213038
longley,541654,213605
longley,540581,207945
longley,545207,205482
longley,593729,200477
longley,595677,199994
longley,596288,199485
longley,593179,191653
longley,586200,194518
longley,622506,226608
longley,607507,227234
longley,552788,227100
longley,555852,227987
longley,584034,186504
longley,582207,188866
longley,585830,185511
longley,585228,193903
longley,590235,191733
longley,582796,189464
longley,588974,188620
longley,588933,186260
longley,588994,187969
longley,587396,183302
longley,588001,191592
longley,556451,177078
longley,564835,181566
longley,558613,183968
longley,563673,181093
longley,615654,317264
longley,623658,306815
longley,654885,319029
longley,652822,318067
longley,646097,313953
longley,646815,313810
longley,649735,316482
longley,647722,318175
longley,618909,250005
longley,566162,245566
longley,564395,250120
longley,655770,290892
longley,652100,298409
longley,657270,296090
longley,565664,188976
longley,561202,191813
longley,561426,180378
longley,567253,176097
longley,562831,182314
longley,567197,184651
longley,617054,337154
longley,615488,341071
longley,646916,271652
longley,650906,269609
longley,373610,217262
longley,376632,210298
longley,206649,235269
longley,208549,235908
longley,317405,177768
longley,315260,174102
longley,312717,177640
longley,311627,182503
longley,309131,378180
longley,311239,385599
longley,301970,387566
longley,306634,385129
longley,307600,382037
longley,304961,379677
longley,316729,374916
longley,323214,378549
longley,322372,360485
longley,262510,192114
longley,262451,192754
longley,283182,373960
longley,287572,380703
longley,284350,375906
longley,276137,379942
longley,275579,383038
longley,281993,179424
longley,283935,180907
longley,294917,187634
longley,329346,355883
longley,321186,173006
longley,385170,131707
longley,383002,129702
longley,383548,134191
longley,405578,392371
longley,445528,513447
longley,445213,513067
longley,451047,515097
longley,450670,522812
longley,446548,514453
longley,449958,515826
longley,450474,519260
longley,449304,522353
longley,440641,517583
longley,441564,518597
longley,444416,520752
longley,445181,526196
longley,440293,520990
longley,442054,520353
longley,441579,518370
longley,441490,524809
longley,442190,520399
longley,442173,513146
longley,446184,510212
longley,441374,518851
longley,443316,511679
longley,440454,516072
longley,442588,513203
longley,446860,514818
longley,445356,517964
longley,438169,516686
longley,441244,525428
longley,441554,521562
longley,441526,525074
longley,440498,522657
longley,443227,523831
longley,311721,530949
longley,312471,534497
longley,319702,526222
longley,326478,522228
longley,323936,523618
longley,324288,525932
longley,303051,523975
longley,297454,524313
longley,361290,477129
longley,436890,548583
longley,428416,529666
longley,429505,521179
longley,428365,525560
longley,429203,529354
longley,431075,528592
longley,427139,529103
longley,428228,521549
longley,428668,526512
longley,421413,525026
longley,423177,525447
longley,425490,510594
longley,428779,510729
longley,431462,511772
longley,425804,515598
longley,426600,517830
longley,423103,517406
longley,419915,525135
longley,385915,561913
longley,310815,528400
longley,313245,531600
longley,429358,547022
longley,430264,548391
longley,435898,508724
longley,312438,263756
longley,307198,261861
longley,310984,257028
longley,303511,264447
longley,325705,306749
longley,585194,308459
longley,373523,162008
longley,396187,216825
longley,392735,219710
longley,388756,217825
longley,392542,224598
longley,357610,214412
longley,357330,211827
longley,383027,221158
longley,384455,216158
longley,382458,212532
longley,384163,213888
longley,387739,212270
longley,382623,215175
longley,380901,214274
longley,384248,212668
longley,384323,219203
longley,385028,218993
longley,386147,212427
longley,381812,217491
longley,391513,219885
longley,386424,216553
longley,380529,245293
longley,380561,246379
longley,400692,267274
longley,405839,273086
longley,388507,251825
longley,384600,256258
longley,386308,254758
longley,403004,243520
longley,402101,239866
longley,402483,238884
longley,407976,245886
longley,385048,276831
longley,381950,269155
longley,464061,195031
longley,439996,184483
longley,445272,184792
longley,402617,161512
longley,402762,158742
longley,395869,164818
longley,400179,158620
longley,402893,159633
longley,381822,185513
longley,403895,183774
longley,410909,179525
longley,418326,124178
longley,418922,122423
longley,412451,139185
longley,382932,161641
longley,415792,186026
longley,415873,183164
longley,418126,184382
longley,410804,186154
longley,362335,156221
longley,361717,158450
longley,390231,246440
longley,390038,246178
longley,529553,184358
longley,653432,291127
longley,657528,292224
longley,658716,297629
longley,378467,121266
longley,379514,120866
longley,324392,357793
longley,329578,361336
longley,512142,383514
longley,351808,347074
longley,226096,50634
longley,576063,133897
longley,557187,136684
longley,432638,412342
longley,441763,413628
longley,538939,209359
longley,523489,434055
longley,523568,436543
longley,544005,110383
longley,542580,119378
longley,548038,111951
longley,553076,115262
longley,551720,111295
longley,551531,116120
longley,557912,116679
longley,557356,116103
longley,544756,139462
longley,548736,132862
longley,431610,381585
longley,431020,380230
longley,436578,376794
longley,438492,380310
longley,435157,372990
longley,458561,521126
longley,464081,527507
longley,498908,375839
longley,508622,385022
longley,507802,409065
longley,508572,407173
longley,628061,161310
longley,631830,154799
longley,534890,132942
longley,532647,125920
longley,331215,438839
longley,504567,216375
longley,530394,404951
longley,514110,184921
longley,513218,180864
longley,516832,177566
longley,514802,179531
longley,533053,172889
longley,525205,175534
longley,525792,178818
longley,522830,182125
longley,269729,847567
longley,294439,826566
longley,294388,826439
longley,301627,859278
longley,301080,858529
longley,302463,861132
longley,359124,168535
longley,480625,164593
longley,477221,164622
longley,478602,162786
longley,483842,165758
longley,477098,163341
longley,484940,170411
longley,484433,168269
longley,484227,164901
longley,479275,168920
longley,482255,161535
longley,478627,163290
longley,476012,165892
longley,476685,166175
longley,479924,164269
longley,471475,168172
longley,360939,166647
longley,358945,173156
longley,533113,201097
longley,532572,206470
longley,530379,207183
longley,537661,211838
longley,536383,208652
longley,533912,213326
longley,534231,205209
longley,482713,259984
longley,480524,265478
longley,477733,259696
longley,482610,268094
longley,470978,261357
longley,479692,265051
longley,467882,261230
longley,468806,259769
longley,473243,255909
longley,473607,253715
longley,474094,253109
longley,473158,253388
longley,409621,850088
longley,410250,850584
longley,347711,832686
longley,349404,829895
longley,353087,836892
longley,361678,170456
longley,470931,124583
longley,476661,120927
longley,471482,122864
longley,478900,127272
longley,466567,98941
longley,461154,98578
longley,463393,104591
longley,531927,156496
longley,435337,349699
longley,437417,352047
longley,438386,522154
longley,445904,518971
longley,447398,516800
longley,562942,199998
longley,567402,200748
longley,443261,380627
longley,454623,392092
longley,504559,286379
longley,477916,201103
longley,399945,560754
longley,566240,148727
longley,563579,162666
longley,561037,160029
longley,451540,426260
longley,424997,300749
longley,430217,303859
longley,429598,299275
longley,426696,305660
longley,400492,443757
longley,406810,435427
longley,479006,328334
longley,476649,332208
longley,473335,329551
longley,467628,329056
longley,530150,133634
longley,454090,344150
longley,536058,101171
longley,569802,243645
longley,563303,243632
longley,589190,133456
longley,554184,142653
longley,549811,143177
longley,553902,143256
longley,577095,123363
longley,369154,358993
longley,363332,352493
longley,547389,132193
longley,554448,126777
longley,588016,164149
longley,587156,161880
longley,256420,376298
longley,254919,374900
longley,288285,180306
longley,288007,181354
longley,285892,183528
longley,498677,98028
longley,540094,170381
longley,364200,350323
longley,369920,351409
longley,638560,168417
longley,439428,330545
longley,440082,326058
longley,438856,331771
longley,248172,362191
longley,245552,358767
longley,257982,366343
longley,534762,179242
longley,536259,180204
longley,532276,182277
longley,538100,167416
longley,529113,171349
longley,530298,172114
longley,535089,176926
longley,429443,524903
longley,430006,526615
longley,425540,531603
longley,423841,532618
longley,569140,154127
longley,574332,153132
longley,570489,153890
longley,573724,148724
longley,570692,151614
longley,570408,156455
longley,580734,158066
longley,576774,153548
longley,574921,157179
longley,575308,147493
longley,582483,153470
longley,582708,154344
longley,575013,153295
longley,578182,151249
longley,577509,151833
longley,585780,156920
longley,571275,156060
longley,573185,153617
longley,571868,144295
longley,576439,141704
longley,576137,150706
longley,582170,154937
longley,572675,155551
longley,575360,153882
longley,574656,156885
longley,580749,155581
longley,580517,154526
longley,577385,163020
longley,577237,165124
longley,580083,161474
longley,587060,148565
longley,581811,109081
longley,529880,197679
longley,525880,198983
longley,514398,101809
longley,513815,106998
longley,448325,345513
longley,301044,666570
longley,301530,671314
longley,303755,668580
longley,543038,260473
longley,301109,375168
longley,302118,379660
longley,645129,305772
longley,387582,220414
longley,457819,372775
longley,458201,447889
longley,510181,137739
longley,507762,128626
longley,513166,128320
longley,507794,123473
longley,511278,124053
longley,505822,131004
longley,504721,125657
longley,383384,92441
longley,383308,86110
longley,531083,191270
longley,531979,198264
longley,530495,186407
longley,528098,190323
longley,522259,197326
longley,521104,193159
longley,523873,189514
longley,524265,189121
longley,523604,189564
longley,529935,189955
longley,526929,186747
longley,521526,178971
longley,523936,181666
longley,519855,190660
longley,519871,186738
longley,517572,186542
longley,536598,196608
longley,530049,198424
longley,537175,198735
longley,513388,433473
longley,507294,429140
longley,514443,428320
longley,512289,426646
longley,511086,434680
longley,504548,430775
longley,509891,434152
longley,506934,428284
longley,514349,430837
longley,514545,433724
longley,514682,434668
longley,515011,432491
longley,505119,438778
longley,509170,430513
longley,503244,430902
longley,508372,436018
longley,510560,429602
longley,507344,430073
longley,501707,428098
longley,504662,435310
longley,506421,429004
longley,512575,430159
longley,505947,431580
longley,505868,433361
longley,510847,430720
longley,511729,428655
longley,506016,432161
longley,507143,429877
longley,514420,429389
longley,511077,431969
longley,502843,433888
longley,505509,428784
longley,508211,433849
longley,509892,436580
longley,505903,433315
longley,508383,431210
longley,506389,428762
longley,502544,429690
longley,509530,432644
longley,505837,434651
longley,506878,432931
longley,505468,431645
longley,510446,432322
longley,509197,426045
longley,510238,430240
longley,516620,437946
longley,513877,436324
longley,509289,431822
longley,503421,435438
longley,508740,431016
longley,508236,434049
longley,512553,434424
longley,513395,437172
longley,517585,429368
longley,511395,426791
longley,513540,429683
longley,508845,434651
longley,510081,434054
longley,511854,431365
longley,505018,433510
longley,512801,431893
longley,511358,430706
longley,513478,424278
longley,510526,432010
longley,509001,428228
longley,523707,173720
longley,525501,180644
longley,523634,180705
longley,523965,109466
longley,522167,102254
longley,525540,109730
longley,535504,105679
longley,528329,104855
longley,527601,110825
longley,527721,100426
longley,530582,102585
longley,536620,109582
longley,533988,101962
longley,533887,108249
longley,534250,105253
longley,536575,101588
longley,533249,107700
longley,529444,102578
longley,532386,103838
longley,384881,405945
longley,386434,411038
longley,385193,409864
longley,390831,414856
longley,386583,414417
longley,382884,413141
longley,388089,413430
longley,391754,412430
longley,388180,420805
longley,391985,414491
longley,389263,415641
longley,397746,416904
longley,390293,416995
longley,397150,414172
longley,395444,417302
longley,389718,418186
longley,398003,412677
longley,392854,419393
longley,395866,421403
longley,394633,418076
longley,493834,365895
longley,494372,371668
longley,497402,370670
longley,354434,169474
longley,352699,171799
longley,454951,300688
longley,461172,296013
longley,459039,298581
longley,462754,300584
longley,464075,302566
longley,372748,151903
longley,371197,150125
longley,366843,146636
longley,370580,149729
longley,487326,234345
longley,483810,236268
longley,491603,236928
longley,462988,264864
longley,462034,269332
longley,459932,271654
longley,360123,114634
longley,351136,117643
longley,357502,120119
longley,354753,118647
longley,341025,106952
longley,332006,105525
longley,334670,109367
longley,457274,339847
longley,463928,337666
longley,459161,337030
longley,458318,336824
longley,462136,333183
longley,464977,326194
longley,466032,323174
longley,460519,328261
longley,465096,343998
longley,464813,334434
longley,470438,342332
longley,464668,338324
longley,459367,337062
longley,461494,334824
longley,454616,333464
longley,357937,120229
longley,307044,680437
longley,311391,685679
longley,396778,288879
longley,399033,287134
longley,397428,283847
longley,507202,166702
longley,507786,165497
longley,509684,172659
longley,524755,177935
longley,523847,182090
longley,524540,179987
longley,527184,177635
longley,522432,174318
longley,521330,177682
longley,526613,177733
longley,528680,179429
longley,520448,178678
longley,527068,175598
longley,325545,478570
longley,325773,471114
longley,321491,470995
longley,318800,472142
longley,455258,100517
longley,454544,101997
longley,458221,107876
longley,461768,101794
longley,455301,99748
longley,461098,100392
longley,463931,97735
longley,459046,99285
longley,457235,96829
longley,456552,96154
longley,462087,95167
longley,456117,102988
longley,342724,392871
longley,335059,388694
longley,335073,389872
longley,333374,391081
longley,343406,387729
longley,335614,386064
longley,340732,394349
longley,345100,400650
longley,348568,398500
longley,355447,390237
longley,353630,394862
longley,357411,394590
longley,350568,390734
longley,342940,397732
longley,342858,396344
longley,337994,401917
longley,335613,414155
longley,333319,424347
longley,337595,416735
longley,338594,419975
longley,336093,407014
longley,332439,415881
longley,333964,380873
longley,395193,401582
longley,389588,403545
longley,394146,405982
longley,390006,400167
longley,391351,405921
longley,390195,401557
longley,394013,405857
longley,386598,399375
longley,393386,404192
longley,391579,402878
longley,390916,406274
longley,393064,399972
longley,392145,407167
longley,393869,402996
longley,393905,405856
longley,391349,411429
longley,393141,405044
longley,399863,408713
longley,400167,406632
longley,402788,402974
longley,403384,403593
longley,395082,407291
longley,396075,405990
longley,401162,409791
longley,397569,404813
longley,394749,400849
longley,388962,406493
longley,390083,401353
longley,388431,401840
longley,388615,403259
longley,576978,168917
longley,576750,162460
longley,577287,161590
longley,572809,166797
longley,575951,165531
longley,573031,158987
longley,578172,161802
longley,574174,159607
longley,580019,165109
longley,574663,171808
longley,438446,556108
longley,442057,556415
longley,434955,556114
longley,438031,551747
longley,434249,551606
longley,437565,556206
longley,436090,551159
longley,440193,557709
longley,440890,557315
longley,428357,554552
longley,434154,554298
longley,441695,547470
longley,442367,553974
longley,438801,553567
longley,435961,553595
longley,438259,551206
longley,433999,552330
longley,429121,555820
longley,435168,552703
longley,437977,554206
longley,429284,559864
longley,433999,559413
longley,428975,557372
longley,433633,553872
longley,429933,555252
longley,434139,551500
longley,433722,558624
longley,439769,550838
longley,436173,559410
longley,431888,552549
longley,432635,569280
longley,419396,572152
longley,421926,566902
longley,419302,571334
longley,421856,570603
longley,421720,565418
longley,420652,564220
longley,437990,552694
longley,434488,552164
longley,437207,551656
longley,440537,553352
longley,437747,561555
longley,537659,182400
longley,525176,170202
longley,520554,170041
longley,530139,166905
longley,525265,167336
longley,525307,174961
longley,529931,167989
longley,525273,166455
longley,530885,171440
longley,529597,165984
longley,533438,172582
longley,524901,170182
longley,520453,164023
longley,522228,163228
longley,254278,282378
longley,254023,250006
longley,246918,254615
longley,248920,254334
longley,257141,257074
longley,262339,275830
longley,256276,258211
longley,255244,256614
longley,542869,144653
longley,550257,163205
longley,557716,166254
longley,547882,151441
longley,560405,156830
longley,608366,123614
longley,618974,137020
longley,621207,130840
longley,621400,134636
longley,619393,139020
longley,615652,133880
longley,623343,130877
longley,619122,133383
longley,620995,145078
longley,624843,136166
longley,620496,143291
longley,625109,133686
longley,618908,132060
longley,626431,134574
longley,531680,181439
longley,525701,189392
longley,528551,188706
longley,363339,169336
longley,365755,171170
longley,519640,160001
longley,527199,159385
longley,530806,165314
longley,526200,163064
longley,528191,165812
longley,524162,169419
longley,520815,105790
longley,516380,99495
longley,522083,105674
longley,521153,105243
longley,514868,104064
longley,521068,100411
longley,517073,107116
longley,514425,104070
longley,520391,106783
longley,521577,106826
longley,519977,106357
longley,524104,103886
longley,523125,108722
longley,522956,103237
longley,526310,105271
longley,527518,108710
longley,540391,182697
longley,536983,176417
longley,533835,173491
longley,540861,181770
longley,538522,185484
longley,542247,174696
longley,529506,179876
longley,436219,424972
longley,431832,417421
longley,432220,414005
longley,444901,414960
longley,438177,423614
longley,434733,428615
longley,440692,414307
longley,432076,423819
longley,433070,424757
longley,433438,426086
longley,432402,421188
longley,433935,422445
longley,432037,418971
longley,436013,417647
longley,432100,419644
longley,425915,421198
longley,434218,414239
longley,431265,428139
longley,432050,425867
longley,431778,417521
longley,427137,417630
longley,436712,415279
longley,432196,415526
longley,429870,422115
longley,426706,422377
longley,428751,424728
longley,430497,421937
longley,425873,424973
longley,432772,420677
longley,433171,425722
longley,441096,419686
longley,435825,419955
longley,439911,417096
longley,436233,422326
longley,437007,417940
longley,432994,412041
longley,431576,425888
longley,432144,425470
longley,429732,418386
longley,433156,419601
longley,431552,418798
longley,431542,419076
longley,436795,426961
longley,431085,423317
longley,437894,416832
longley,435940,418505
longley,445559,428465
longley,441479,420851
longley,443323,424560
longley,436196,423303
longley,427710,424222
longley,423657,424402
longley,447168,418257
longley,441882,424021
longley,445722,419533
longley,433012,421033
longley,431902,419642
longley,430354,426091
longley,438353,423241
longley,444150,416045
longley,440491,424124
longley,434766,421445
longley,447070,425936
longley,437918,421502
longley,443687,421585
longley,428920,419885
longley,431804,423510
longley,444086,423452
longley,445874,418558
longley,440952,421404
longley,445909,421123
longley,435381,424258
longley,435356,426459
longley,436021,418795
longley,428331,418658
longley,446870,409474
longley,433986,416314
longley,447207,426125
longley,444764,426636
longley,314867,178918
longley,307474,170885
longley,530307,163435
longley,526410,165426
longley,528820,145364
longley,525491,145241
longley,518324,150174
longley,518060,151248
longley,526190,151678
longley,519715,149697
longley,519729,161837
longley,521702,157021
longley,531377,145791
longley,526394,142618
longley,529859,144297
longley,532574,148618
longley,534296,141098
longley,527797,144573
longley,529406,155434
longley,526525,151477
longley,359536,178174
longley,433987,426403
longley,430780,426706
longley,427063,435232
longley,426063,436396
longley,428417,431661
longley,423111,439727
longley,423624,432517
longley,422559,436047
longley,421538,438277
longley,428467,438489
longley,433661,433483
longley,436665,433761
longley,437024,435603
longley,431616,427813
longley,426226,431751
longley,425573,432870
longley,434953,435472
longley,428854,439940
longley,425803,429665
longley,425407,436233
longley,435093,434349
longley,420681,438634
longley,425619,438669
longley,428288,429893
longley,421759,436222
longley,427509,432056
longley,431190,430798
longley,431331,431139
longley,437944,439474
longley,436054,430778
longley,424326,439715
longley,426758,441020
longley,430773,439318
longley,427592,430391
longley,433162,431144
longley,420961,433986
longley,423216,433930
longley,425604,435591
longley,431560,437088
longley,429088,426652
longley,425661,438431
longley,434626,435729
longley,431242,435911
longley,427586,435242
longley,421300,437962
longley,424890,438980
longley,430902,435088
longley,431758,439248
longley,427527,443165
longley,434043,437471
longley,421527,437419
longley,427768,430990
longley,426230,432190
longley,433570,428185
longley,420396,430290
longley,424602,438623
longley,427677,433098
longley,428388,436522
longley,422804,433169
longley,422580,432116
longley,428962,434531
longley,423923,434791
longley,420409,436352
longley,433041,426804
longley,425037,435082
longley,422263,440133
longley,427475,435469
longley,432531,429191
longley,427634,431786
longley,425718,434232
longley,422077,430558
longley,421939,433519
longley,431381,435553
longley,431192,435230
longley,436693,434551
longley,433921,433948
longley,434434,437626
longley,428182,431678
longley,419974,431432
longley,419911,439701
longley,418287,435787
longley,423559,428573
longley,420242,438141
longley,426150,436557
longley,423649,434115
longley,421369,433114
longley,424491,430194
longley,422571,436221
longley,420615,433539
longley,420072,438201
longley,425908,441574
longley,416738,438202
longley,417617,446545
longley,416099,439866
longley,420804,438074
longley,420387,439863
longley,427574,434043
longley,442020,426291
longley,442829,435861
longley,421167,447652
longley,423745,442105
longley,425289,450714
longley,416254,444500
longley,420345,425780
longley,428585,433530
longley,422877,431394
longley,428107,429691
longley,432324,422088
longley,425125,425853
longley,429566,421824
longley,430117,424764
longley,433879,424841
longley,429051,429992
longley,435423,427113
longley,432938,433748
longley,430054,423550
longley,434444,425541
longley,428870,429828
longley,436058,430115
longley,433062,430184
longley,436396,428117
longley,436482,427363
longley,436593,431481
longley,439219,429453
longley,440363,425984
longley,436356,451165
longley,437259,431507
longley,418906,438630
longley,432927,425084
longley,432349,430755
longley,431582,431156
longley,439901,436270
longley,431368,426557
longley,426527,433616
longley,423976,429126
longley,424985,434090
longley,428232,434025
longley,428730,432543
longley,433659,428369
longley,427941,435068
longley,441765,379067
longley,442270,373565
longley,357867,169501
longley,360926,183667
longley,486230,206762
longley,466836,233843
longley,465533,232702
longley,483065,208938
longley,479074,211428
longley,482081,210786
longley,475926,235443
longley,480160,232431
longley,382438,385967
longley,382101,395990
longley,382545,389163
longley,380174,394977
longley,387743,396531
longley,384845,393962
longley,389573,395833
longley,405342,412699
longley,410813,418601
longley,408367,413400
longley,406298,415173
longley,405076,417488
longley,413840,413419
longley,405513,413287
longley,408155,417804
longley,414460,411918
longley,410646,416274
longley,415418,419328
longley,409176,415278
longley,413437,417903
longley,408477,414818
longley,413302,409072
longley,414649,415011
longley,417045,408997
longley,412825,415422
longley,409212,414875
longley,416389,416643
longley,414467,412306
longley,412256,406929
longley,418293,408711
longley,414102,406722
longley,416547,410150
longley,412727,407979
longley,416926,416494
longley,419955,411999
longley,417906,408288
longley,412230,410706
longley,420484,420098
longley,416431,413970
longley,420993,414814
longley,417582,421239
longley,415934,415376
longley,414152,419119
longley,418549,413987
longley,416894,416459
longley,414023,424797
longley,418100,423800
longley,421407,426503
longley,420901,418363
longley,421331,411044
longley,415493,424762
longley,423275,423047
longley,420928,421310
longley,421492,423448
longley,419801,421164
longley,423129,418060
longley,418531,423954
longley,419739,415746
longley,416427,418085
longley,420517,422621
longley,423627,424493
longley,420994,429042
longley,421603,426410
longley,423863,428536
longley,421496,422722
longley,421558,423836
longley,426839,426630
longley,418186,413310
longley,427653,419104
longley,428491,421949
longley,421668,419370
longley,422769,422125
longley,427094,426310
longley,428359,419819
longley,426077,431095
longley,425341,423095
longley,427319,427870
longley,427383,425779
longley,419685,422004
longley,426302,422757
longley,423984,421393
longley,426798,418244
longley,425241,416137
longley,420671,419986
longley,425988,425481
longley,399611,407396
longley,406992,411277
longley,356924,176561
longley,395744,802682
longley,394483,803006
longley,393439,811470
longley,322479,672367
longley,327809,671415
longley,321156,676637
longley,322697,672862
longley,529763,185366
longley,528845,186887
longley,282371,376567
longley,452794,405444
longley,390301,403263
longley,466492,99417
longley,461121,96054
longley,440318,430491
longley,436136,335829
longley,564978,119798
longley,560472,124840
longley,368065,385952
longley,370346,408426
longley,367090,77650
longley,406694,89115
longley,347512,391002
longley,567195,188148
longley,569231,183972
longley,570157,189150
longley,459909,100510
longley,457113,102939
longley,520177,466100
longley,440012,554194
longley,440324,551300
longley,441739,548259
longley,611113,316201
longley,559058,275116
longley,564869,272051
longley,413745,413410
longley,519090,170583
longley,545177,165708
longley,510878,427810
longley,243763,133312
longley,484292,354495
longley,389350,409465
longley,502777,430527
longley,509643,225635
longley,417136,401964
longley,509017,434397
longley,425317,88683
longley,414810,185882
longley,271115,313979
longley,491251,269337
longley,368855,121861
longley,369047,115171
longley,548663,143112
longley,528958,134060
longley,440093,388588
longley,513823,201020
longley,404852,102446
longley,630953,318425
longley,630828,315237
longley,525765,179205
longley,449448,393844
longley,451515,398379
longley,436950,401461
longley,433347,402061
longley,242543,55517
longley,535199,164414
longley,326457,666418
longley,549945,207652
longley,545693,207874
longley,329040,677348
longley,559506,139330
longley,551499,141690
longley,415385,419819
longley,440044,555677
longley,523705,176945
longley,325071,674215
longley,249053,52253
longley,505375,129266
longley,510143,122619
longley,509983,425655
longley,515817,190942
longley,431163,415759
longley,241032,57935
longley,246658,55280
longley,495656,407810
longley,542745,192172
longley,437933,552590
longley,372318,487225
longley,370665,488852
longley,435974,559396
longley,464354,447433
